a_value,b_value
-2.000000,-7.360340
-1.800000,-5.737947
-1.600000,-3.916296
-1.400000,-2.608784
-1.200000,-1.021012
-1.000000,-0.814980
-0.800000,1.027912
-0.600000,1.481264
-0.400000,2.536476
-0.200000,3.138748
0.000000,3.126680
0.200000,3.608472
0.400000,2.707924
0.600000,3.572636
0.800000,2.939808
1.000000,2.073640
1.200000,1.523132
1.400000,0.243684
1.600000,-0.270705
1.800000,-1.514632
2.000000,-2.354700
