x_value,y_value
-2.000000,0.531153
-1.800000,0.576836
-1.600000,0.699476
-1.400000,0.833007
-1.200000,0.949302
-1.000000,1.121135
-0.800000,1.254783
-0.600000,1.430969
-0.400000,1.699393
-0.200000,1.981185
0.000000,2.312883
0.200000,2.647698
0.400000,3.173865
0.600000,3.550396
0.800000,3.931389
1.000000,4.657921
1.200000,5.346498
1.400000,6.622824
1.600000,7.768905
1.800000,8.808558
2.000000,10.115283
