x_value,y_value
-5.000000,9.551095
-4.333333,8.191525
-3.666667,7.900955
-3.000000,6.478385
-2.333333,6.964815
-1.666667,6.063245
-1.000000,6.064675
-0.333333,5.287105
0.333333,4.795535
1.000000,3.652965
1.666667,4.833395
2.333333,2.482825
3.000000,1.930255
3.666667,1.519685
4.333334,2.213115
5.000000,1.277545
